Frame Skip,Number of Threads,Execution Time,Static Utility
1,1,52,0
2,1,38,0.000919539
4,1,29,0.00253636
10,1,23,0.00686465
1,2,47,0
2,2,32,0.000919539
4,2,25,0.00253636
10,2,21,0.00686465
1,5,44,0
2,5,31,0.000919539
4,5,25,0.00253636
10,5,21,0.00686465
1,10,44,0
2,10,32,0.000919539
4,10,25,0.00253636
10,10,24,0.00686465
