Frame Skip,Execution Time,Static Utility,Dynamic Utility
1,95,3.9727E-05,0
2,65,0.00295113,0.0043036
3,59,0.00469952,0.00684193
4,57,0.00637514,0.00844384
5,49,0.00603047,0.00780294
10,36,0.00904367,0.011199
15,32,0.0132429,0.0152869
20,30,0.0164302,0.0186163
50,25,0.0347539,0.0382042
